Name,Tags
Materials Science Lab,
Propulsion Lab,
Computational Sciences Lab,
Structures Lab,
Aerodynamics Lab,
Intelligent Systems Lab,
Robotics Lab,
Spacecraft Lab,
Spacecraft Power Systems Lab,
Space Systems Lab,
Human Factors Lab,
Aerospace Systems,
Mathematical Lab,
Satellite Systems Lab,
Thermal Control Lab,
In-Space Manufacturing Lab,
Space Navigation Lab,
Communication Systems Lab,
Launch Systems Lab,
Bioastronautics Lab,
Aerospace Vehicles Lab,
Space Physics Lab,
Turbomachinery Lab,
Avionics Lab,